Date,Cash,MCT,DBS,STEng,SIA,SIA_Relative
2/1/2014,1,0.86953,14.357978,3.335578,9.024154,1
3/1/2014,1,0.854914,14.257222,3.276015,8.815703,0.976900771
6/1/2014,1,0.854914,14.290809,3.301542,8.867814,1.005911156
7/1/2014,1,0.854914,14.3076,3.301542,8.772277,0.989226544
8/1/2014,1,0.86588,14.584685,3.32707,8.885186,1.012871117
9/1/2014,1,0.86588,14.559492,3.293033,8.798333,0.990224965
10/1/2014,1,0.862222,14.584685,3.301542,8.789646,0.999012654
13/1/2014,1,0.862222,14.483925,3.293033,8.746219,0.9950593
14/1/2014,1,0.851264,14.467134,3.293033,8.694107,0.994041768
15/1/2014,1,0.851264,14.559492,3.284523,8.780961,1.009989985
16/1/2014,1,0.851264,14.601475,3.267505,8.754904,0.997032557
17/1/2014,1,0.851264,14.60987,3.276015,8.763589,1.000992015
20/1/2014,1,0.851264,14.61827,3.301542,8.685422,0.991080481
21/1/2014,1,0.854914,14.584685,3.301542,8.685422,1
22/1/2014,1,0.851264,14.399959,3.310051,8.659367,0.997000146
23/1/2014,1,0.847607,14.139672,3.250487,8.607252,0.993981662
24/1/2014,1,0.847607,13.996929,3.250487,8.537767,0.991927156
27/1/2014,1,0.854914,13.912964,3.21645,8.381431,0.981688889
28/1/2014,1,0.858572,13.980135,3.250487,8.450914,1.008290112
29/1/2014,1,0.868918,13.870982,3.250487,8.398803,0.993833685
30/1/2014,1,0.865208,13.829,3.22496,8.329319,0.991726916
3/2/2014,1,0.868918,13.887776,3.182414,8.25115,0.990615199
4/2/2014,1,0.868918,13.686258,3.139869,8.23378,0.997894839
5/2/2014,1,0.868918,13.577106,3.114341,8.225094,0.998945077
6/2/2014,1,0.880063,13.686258,3.173905,8.25115,1.003167867
7/2/2014,1,0.883774,13.728244,3.207942,8.199039,0.993684396
10/2/2014,1,0.868918,13.753431,3.22496,8.225094,1.003177811
11/2/2014,1,0.876346,13.753431,3.241978,8.468287,1.0295672
12/2/2014,1,0.880063,13.778623,3.267505,8.641995,1.020512767
13/2/2014,1,0.880063,13.879377,3.233469,8.494342,0.982914478
14/2/2014,1,0.880063,13.837398,3.22496,8.529084,1.004090017
17/2/2014,1,0.880063,13.929757,3.233469,8.676734,1.017311355
18/2/2014,1,0.880063,13.896172,3.233469,8.633308,0.994995121
19/2/2014,1,0.891201,13.879377,3.22496,8.780961,1.017102714
20/2/2014,1,0.891201,13.954948,3.199433,8.841758,1.00692373
21/2/2014,1,0.887483,14.013723,3.22496,8.833073,0.999017729
24/2/2014,1,0.876346,13.980135,3.233469,8.807017,0.997050177
25/2/2014,1,0.883774,14.013723,3.250487,8.841758,1.003944695
26/2/2014,1,0.887483,13.812209,3.250487,8.807017,0.996070804
27/2/2014,1,0.894911,13.770225,3.250487,8.902557,1.010848168
28/2/2014,1,0.898628,13.870982,3.233469,8.876502,0.997073313
3/3/2014,1,0.891201,13.761828,3.199433,8.763589,0.987279561
4/3/2014,1,0.894911,13.71145,3.199433,8.815703,1.00594665
5/3/2014,1,0.898628,13.610691,3.199433,8.89387,1.008866791
6/3/2014,1,0.898628,13.703053,3.21645,8.97204,1.0087892
7/3/2014,1,0.898628,13.627484,3.21645,8.980726,1.000968119
10/3/2014,1,0.883774,13.518331,3.233469,8.954671,0.997098787
11/3/2014,1,0.887483,13.476348,3.22496,9.032837,1.008729076
12/3/2014,1,0.898628,13.308419,3.22496,8.85913,0.980769386
13/3/2014,1,0.902338,13.266437,3.22496,8.928613,1.007843095
14/3/2014,1,0.891201,13.207661,3.199433,8.85913,0.99221794
17/3/2014,1,0.902338,13.358797,3.22496,8.876502,1.001960915
18/3/2014,1,0.898628,13.30002,3.190923,8.902557,1.002935278
19/3/2014,1,0.894911,13.224453,3.165396,8.815703,0.990243927
20/3/2014,1,0.887483,13.148886,3.148377,8.885186,1.007881731
21/3/2014,1,0.891201,13.291625,3.173905,8.850445,0.996090009
24/3/2014,1,0.894911,13.493141,3.190923,9.05021,1.022571181
25/3/2014,1,0.894911,13.467953,3.207942,8.998096,0.994241681
26/3/2014,1,0.894911,13.593901,3.250487,9.076264,1.008687171
27/3/2014,1,0.894911,13.509934,3.233469,9.137063,1.006698681
28/3/2014,1,0.898628,13.501538,3.250487,9.093637,0.995247269
31/3/2014,1,0.906056,13.577106,3.250487,9.093637,1
1/4/2014,1,0.902338,13.745036,3.258996,9.076264,0.998089543
2/4/2014,1,0.902338,13.778623,3.276015,8.989409,0.990430534
3/4/2014,1,0.913484,13.862587,3.293033,9.015468,1.002898856
4/4/2014,1,0.913484,13.896172,3.293033,9.024154,1.000963455
7/4/2014,1,0.909766,13.829,3.301542,8.945983,0.991337581
8/4/2014,1,0.909766,13.837398,3.335578,9.006782,1.006796235
9/4/2014,1,0.906056,13.85419,3.335578,9.05021,1.0048217
10/4/2014,1,0.906056,13.946551,3.335578,9.093637,1.004798452
11/4/2014,1,0.906056,13.879377,3.31856,8.998096,0.989493643
14/4/2014,1,0.909766,13.963342,3.352597,9.006782,1.000965315
15/4/2014,1,0.920904,14.055706,3.335578,9.076264,1.007714409
16/4/2014,1,0.928331,14.139672,3.361106,9.058894,0.998086217
17/4/2014,1,0.932049,14.190049,3.361106,8.937299,0.98657728
21/4/2014,1,0.928331,14.156463,3.369615,8.928613,0.999028118
22/4/2014,1,0.932049,14.190049,3.378124,8.980726,1.005836629
23/4/2014,1,0.932049,14.106085,3.378124,8.989409,1.000966848
24/4/2014,1,0.954324,14.190049,3.395143,9.05021,1.006763626
25/4/2014,1,0.946897,14.106085,3.378124,9.015468,0.996161194
28/4/2014,1,0.950615,14.038911,3.292166,8.902557,0.987475858
29/4/2014,1,0.946716,14.139672,3.309358,8.989409,1.009755849
30/4/2014,1,0.95426,14.223636,3.283571,9.015468,1.002898856
2/5/2014,1,0.969342,14.416756,3.317954,9.076264,1.006743521
5/5/2014,1,0.969342,14.416756,3.300762,8.945983,0.985645966
6/5/2014,1,0.969342,14.383168,3.309358,8.937299,0.999029285
7/5/2014,1,0.973118,14.290809,3.300762,8.928613,0.999028118
8/5/2014,1,0.988207,14.315995,3.317954,8.902557,0.997081742
9/5/2014,1,0.99952,14.341183,3.300762,8.867814,0.996097413
12/5/2014,1,0.988207,14.230079,3.257784,8.85913,0.999020728
14/5/2014,1,0.991975,14.366823,3.283571,8.89387,1.003921378
15/5/2014,1,1.003288,14.409557,3.274975,8.902557,1.00097674
16/5/2014,1,1.003288,14.401013,3.240592,8.867814,0.996097413
19/5/2014,1,1.010832,14.401013,3.249188,8.919927,1.005876646
20/5/2014,1,1.003288,14.392468,3.249188,8.850445,0.992210474
21/5/2014,1,0.99952,14.52921,3.249188,8.945983,1.010794711
22/5/2014,1,1.007064,14.495024,3.249188,8.928613,0.998058346
23/5/2014,1,1.003288,14.520664,3.266379,8.954671,1.002918482
26/5/2014,1,1.007064,14.512118,3.266379,8.945983,0.99902978
27/5/2014,1,1.003288,14.418105,3.274975,8.989409,1.004854246
28/5/2014,1,1.010832,14.409557,3.257784,8.980726,0.999034086
29/5/2014,1,1.007064,14.512118,3.292166,9.058894,1.008703973
30/5/2014,1,1.014608,14.443746,3.32655,9.041524,0.998082547
2/6/2014,1,0.99952,14.460839,3.317954,9.093637,1.005763741
3/6/2014,1,0.988207,14.512118,3.300762,9.093637,1
4/6/2014,1,0.969342,14.520664,3.309358,9.102322,1.000955063
5/6/2014,1,0.976886,14.546307,3.335145,9.084951,0.998091586
6/6/2014,1,0.969342,14.597583,3.352337,9.137063,1.005736079
9/6/2014,1,0.965573,14.589037,3.378124,9.171805,1.003802316
10/6/2014,1,0.969342,14.571943,3.352337,9.189175,1.001893848
11/6/2014,1,0.976886,14.554851,3.369528,9.215232,1.002835619
12/6/2014,1,0.991975,14.580489,3.343741,9.223919,1.000942678
13/6/2014,1,0.988207,14.640317,3.352337,9.041524,0.980225867
16/6/2014,1,0.980662,14.614676,3.343741,9.093637,1.005763741
17/6/2014,1,0.984431,14.563397,3.317954,9.076264,0.998089543
18/6/2014,1,0.995743,14.580489,3.309358,9.015468,0.993301649
19/6/2014,1,0.99952,14.597583,3.300762,9.06758,1.005780288
20/6/2014,1,1.018377,14.452291,3.300762,9.041524,0.997126466
23/6/2014,1,1.014608,14.435197,3.292166,9.041524,1
24/6/2014,1,1.018377,14.401013,3.309358,9.024154,0.998078864
25/6/2014,1,1.014608,14.324093,3.292166,8.989409,0.996149778
26/6/2014,1,1.025921,14.409557,3.300762,8.998096,1.000966359
27/6/2014,1,1.025921,14.366823,3.292166,9.015468,1.001930631
30/6/2014,1,1.033466,14.315545,3.266379,9.006782,0.999036545
1/7/2014,1,1.022145,14.366823,3.266379,9.006782,1
2/7/2014,1,1.025921,14.435197,3.274975,9.111008,1.011571947
3/7/2014,1,1.02969,14.546307,3.274975,9.032837,0.991420159
4/7/2014,1,1.018377,14.597583,3.274975,9.015468,0.998077127
7/7/2014,1,1.025921,14.665956,3.300762,9.032837,1.001926578
8/7/2014,1,1.02969,14.589037,3.274975,9.024154,0.999038729
9/7/2014,1,1.022145,14.537756,3.266379,9.032837,1.000962195
10/7/2014,1,1.033466,14.50357,3.240592,9.024154,0.999038729
11/7/2014,1,1.037234,14.674504,3.231997,9.076264,1.005774503
14/7/2014,1,1.037234,14.683049,3.223401,9.102322,1.002871005
15/7/2014,1,1.037234,14.674504,3.214805,9.154434,1.005725133
16/7/2014,1,1.037234,14.700143,3.231997,9.128378,0.997153729
17/7/2014,1,1.033466,14.811249,3.214805,9.119692,0.999048462
18/7/2014,1,1.037234,14.896714,3.240592,9.111008,0.999047775
21/7/2014,1,1.04101,14.939447,3.214805,9.163119,1.005719565
22/7/2014,1,1.04101,15.050551,3.214805,9.180491,1.001895861
23/7/2014,1,1.044779,15.306949,3.257784,9.163119,0.998107726
24/7/2014,1,1.048555,15.409511,3.283571,9.206547,1.004739434
25/7/2014,1,1.059868,15.400964,3.300762,9.206547,1
29/7/2014,1,1.063636,15.409511,3.266379,9.206547,1
30/7/2014,1,1.063636,15.452244,3.240592,9.206547,1
31/7/2014,1,1.071133,15.571894,3.266379,8.97204,0.974528235
1/8/2014,1,1.063489,15.648811,3.257784,8.778905,0.97847368
4/8/2014,1,1.055837,15.486429,3.257784,8.752567,0.996999854
5/8/2014,1,1.067311,15.657361,3.274975,8.726231,0.996991054
6/8/2014,1,1.071133,15.700095,3.266379,8.655998,0.991951508
7/8/2014,1,1.071133,15.503524,3.240592,8.612105,0.994929181
8/8/2014,1,1.063489,15.221484,3.240592,8.603326,0.998980621
11/8/2014,1,1.059659,15.349683,3.266379,8.603326,1
12/8/2014,1,1.071133,15.418058,3.266379,8.655998,1.006122283
13/8/2014,1,1.071133,15.43542,3.249188,8.629663,0.996957601
14/8/2014,1,1.078785,15.383331,3.231997,8.568212,0.992879096
15/8/2014,1,1.074963,15.365969,3.231997,8.699894,1.015368667
18/8/2014,1,1.074963,15.392011,3.205932,8.638442,0.992936466
19/8/2014,1,1.074963,15.348606,3.205932,8.673558,1.004065085
20/8/2014,1,1.082615,15.409375,3.179868,8.81402,1.016194277
21/8/2014,1,1.090267,15.461462,3.17118,8.778905,0.996016006
22/8/2014,1,1.097911,15.56564,3.17118,8.822799,1.00499994
25/8/2014,1,1.097911,15.583002,3.197244,8.743789,0.991044792
26/8/2014,1,1.086437,15.478827,3.197244,8.849135,1.012048095
27/8/2014,1,1.097911,15.591682,3.223309,8.857914,1.000992074
28/8/2014,1,1.105563,15.591682,3.205932,8.866693,1.000991091
29/8/2014,1,1.113215,15.556958,3.179868,8.866693,1
1/9/2014,1,1.117044,15.583002,3.179868,8.805242,0.993069457
2/9/2014,1,1.117044,15.56564,3.205932,8.840357,1.003987965
3/9/2014,1,1.124697,15.678494,3.205932,8.884253,1.00496541
4/9/2014,1,1.139993,15.782672,3.205932,8.866693,0.998023469
5/9/2014,1,1.143823,15.765308,3.197244,8.866693,1
8/9/2014,1,1.124697,15.834758,3.179868,8.884253,1.001980445
9/9/2014,1,1.120867,15.938936,3.17118,8.893029,1.000987815
10/9/2014,1,1.113215,15.843445,3.179868,8.884253,0.99901316
11/9/2014,1,1.101741,15.956297,3.179868,8.866693,0.998023469
12/9/2014,1,1.105563,16.077839,3.197244,8.884253,1.001980445
15/9/2014,1,1.094089,15.869486,3.17118,8.822799,0.993082817
16/9/2014,1,1.071133,15.721903,3.145115,8.787684,0.996019971
17/9/2014,1,1.082615,15.834758,3.17118,8.81402,1.002996922
18/9/2014,1,1.071133,15.808715,3.17118,8.770125,0.995019866
19/9/2014,1,1.082615,15.739264,3.17118,8.761346,0.998998988
22/9/2014,1,1.067311,15.773991,3.179868,8.743789,0.997996084
23/9/2014,1,1.063489,15.956297,3.188556,8.752567,1.001003913
24/9/2014,1,1.059659,16.017069,3.205932,8.743789,0.998997094
25/9/2014,1,1.059659,15.964981,3.179868,8.726231,0.997991946
26/9/2014,1,1.071133,16.077839,3.197244,8.752567,1.003018027
29/9/2014,1,1.086437,16.077839,3.21462,8.735011,0.997994188
30/9/2014,1,1.078785,15.991024,3.17118,8.638442,0.988944605
1/10/2014,1,1.105563,15.982344,3.162491,8.638442,1
2/10/2014,1,1.113215,15.843445,3.136427,8.620884,0.997967458
3/10/2014,1,1.109393,16.017069,3.162491,8.655998,1.004073132
7/10/2014,1,1.078785,15.97366,3.136427,8.533095,0.985801406
8/10/2014,1,1.109393,15.834758,3.127738,8.497981,0.995884963
9/10/2014,1,1.101741,15.947619,3.17118,8.524317,1.003099089
10/10/2014,1,1.086437,15.826081,3.136427,8.541874,1.002059637
13/10/2014,1,1.074963,15.617727,3.127738,8.585769,1.005138802
14/10/2014,1,1.078785,15.591682,3.119051,8.436527,0.982617515
15/10/2014,1,1.086437,15.661137,3.119051,8.506758,1.008324634
16/10/2014,1,1.074963,15.409375,3.092986,8.471642,0.995871988
17/10/2014,1,1.071133,15.539596,3.119051,8.471642,1
20/10/2014,1,1.074963,15.62641,3.162491,8.445306,0.996891276
21/10/2014,1,1.090267,15.826081,3.162491,8.515538,1.008316099
22/10/2014,1,1.090267,15.826081,3.162491,8.515538,1
24/10/2014,1,1.117044,15.869486,3.136427,8.445306,0.991752488
27/10/2014,1,1.109393,15.930255,3.188556,8.629663,1.021829523
28/10/2014,1,1.101741,15.895527,3.21462,8.524317,0.987792571
29/10/2014,1,1.105563,15.999707,3.223309,8.57699,1.006179146
30/10/2014,1,1.101687,15.912895,3.223309,8.541874,0.99590579
31/10/2014,1,1.109446,16.04311,3.258061,8.691114,1.017471576
3/11/2014,1,1.109446,16.33828,3.266749,8.840357,1.017171907
4/11/2014,1,1.097811,16.451136,3.275437,8.831578,0.999006941
5/11/2014,1,1.097811,16.616079,3.231997,8.893029,1.0069581
6/11/2014,1,1.086168,16.659489,3.197244,8.910589,1.00197458
7/11/2014,1,1.090052,16.789709,3.136427,8.884253,0.997044415
10/11/2014,1,1.10557,17.058825,3.066921,8.998378,1.012845762
11/11/2014,1,1.093928,16.867842,3.023481,8.97204,0.997073028
12/11/2014,1,1.097811,16.720257,3.023481,9.015936,1.004892533
13/11/2014,1,1.101687,16.92861,3.014792,9.05983,1.004868491
14/11/2014,1,1.10557,17.110916,3.014792,9.095117,1.003894885
17/11/2014,1,1.10557,16.75498,2.962663,9.112761,1.001939942
18/11/2014,1,1.101687,16.902563,2.98004,9.121582,1.000967983
19/11/2014,1,1.10557,17.1196,2.953975,9.156868,1.003868408
20/11/2014,1,1.101687,16.980698,2.910535,9.139223,0.998073031
21/11/2014,1,1.097811,17.258497,2.901847,9.183331,1.004826231
24/11/2014,1,1.093928,17.180368,2.945287,9.148045,0.996157603
25/11/2014,1,1.101687,17.215094,2.910535,9.218619,1.007714654
26/11/2014,1,1.109446,17.145641,2.945287,9.245084,1.00287082
27/11/2014,1,1.097811,17.102236,2.927911,9.271549,1.002862602
28/11/2014,1,1.097811,17.215094,2.927911,9.509732,1.025689666
1/12/2014,1,1.113322,16.989378,2.901847,9.350944,0.983302579
2/12/2014,1,1.101687,16.945972,2.910535,9.615592,1.028301742
3/12/2014,1,1.10557,16.850477,2.901847,9.650879,1.003669769
4/12/2014,1,1.109446,16.911247,2.936599,9.659701,1.000914114
5/12/2014,1,1.121082,17.084873,2.910535,9.686165,1.002739629
8/12/2014,1,1.117206,16.92861,2.910535,9.70381,1.00182167
9/12/2014,1,1.113322,17.241138,2.927911,9.880242,1.018181724
10/12/2014,1,1.113322,17.362677,2.971352,10.091963,1.021428726
11/12/2014,1,1.113322,17.189049,2.945287,10.277215,1.018356389
12/12/2014,1,1.128841,17.44949,2.945287,10.259573,0.998283387
15/12/2014,1,1.140484,17.171686,2.910535,10.215466,0.995700893
16/12/2014,1,1.140484,16.642126,2.806276,10.224287,1.000863495
17/12/2014,1,1.132724,16.563992,2.797588,9.977281,0.975841249
18/12/2014,1,1.117206,16.954657,2.841029,10.13607,1.015915057
19/12/2014,1,1.10557,17.301905,2.867094,10.144892,1.000870357
22/12/2014,1,1.109446,17.432129,2.901847,10.268394,1.012173811
23/12/2014,1,1.101687,17.432129,2.901847,10.259573,0.999140956
24/12/2014,1,1.117206,17.536304,2.927911,10.29486,1.003439422
26/12/2014,1,1.113322,17.666523,2.962663,10.29486,1
29/12/2014,1,1.10557,17.848829,2.962663,10.224287,0.993144831
30/12/2014,1,1.101687,17.874876,2.988728,10.233108,1.00086275
31/12/2014,1,1.093928,17.883556,2.953975,10.233108,1
2/1/2015,1,1.101687,17.796741,2.962663,10.188999,0.995689579
5/1/2015,1,1.109446,17.397402,2.945287,10.224287,1.003463343
6/1/2015,1,1.117206,17.215094,2.88447,10.303682,1.007765334
7/1/2015,1,1.124965,17.189049,2.910535,10.550686,1.023972401
8/1/2015,1,1.132724,17.432129,2.919223,10.603618,1.005016925
9/1/2015,1,1.132724,17.475533,2.936599,10.727121,1.011647251
12/1/2015,1,1.117206,17.38872,2.936599,11.027056,1.027960438
13/1/2015,1,1.132724,17.406082,2.927911,11.000592,0.997600085
14/1/2015,1,1.1366,17.345312,2.919223,10.991769,0.999197952
15/1/2015,1,1.140484,17.353994,2.927911,11.009413,1.001605201
16/1/2015,1,1.140484,17.197729,2.910535,10.683012,0.970352552
19/1/2015,1,1.140484,17.102236,2.919223,10.497757,0.982658917
20/1/2015,1,1.140484,17.293226,2.927911,10.630084,1.012605264
21/1/2015,1,1.14436,17.362677,2.945287,11.018234,1.036514293
22/1/2015,1,1.167638,17.362677,2.936599,10.947661,0.99359489
23/1/2015,1,1.202551,17.501577,2.945287,11.018234,1.0064464
26/1/2015,1,1.198667,17.301905,2.945287,11.027056,1.000800673
27/1/2015,1,1.195616,17.38872,2.936599,11.150559,1.011199998
28/1/2015,1,1.203483,17.380037,2.953975,11.079986,0.9936709
29/1/2015,1,1.207413,17.32795,2.945287,11.291706,1.019108327
30/1/2015,1,1.191679,17.180368,2.919223,11.159381,0.988281222
2/2/2015,1,1.203483,17.1196,2.945287,11.124093,0.996837817
3/2/2015,1,1.195616,16.963335,2.953975,10.806515,0.971451335
4/2/2015,1,1.203483,17.015421,2.997416,10.683012,0.988571431
5/2/2015,1,1.21135,16.859159,2.988728,10.727121,1.004128892
6/2/2015,1,1.207413,16.824432,2.98004,10.700655,0.997532796
9/2/2015,1,1.203483,16.885204,2.971352,10.444826,0.976092211
10/2/2015,1,1.199546,16.92861,2.98004,10.744763,1.028716323
11/2/2015,1,1.195616,16.93729,2.988728,10.762405,1.001641916
12/2/2015,1,1.18382,16.798388,2.997416,10.612438,0.986065661
13/2/2015,1,1.179883,16.737619,3.006104,10.718299,1.009975182
16/2/2015,1,1.175953,16.80707,2.988728,10.762405,1.004115019
17/2/2015,1,1.191679,16.833115,2.988728,10.700655,0.994262435
18/2/2015,1,1.199546,16.885204,2.997416,10.815337,1.010717288
23/2/2015,1,1.187749,17.058825,3.006104,10.585974,0.978792801
24/2/2015,1,1.207413,17.163006,3.084298,10.656546,1.006666557
25/2/2015,1,1.219217,17.206411,3.119051,10.665369,1.000827942
26/2/2015,1,1.227076,17.093555,3.084298,10.674191,1.000827163
27/2/2015,1,1.227076,16.989378,3.049545,10.585974,0.991735486
2/3/2015,1,1.223146,16.737619,3.014792,10.638904,1.005000012
3/3/2015,1,1.223146,16.720257,3.07561,10.585974,0.995024863
4/3/2015,1,1.227076,16.902563,3.049545,10.612438,1.002499912
5/3/2015,1,1.203483,16.911247,3.058233,10.45365,0.985037557
6/3/2015,1,1.215279,17.076191,3.092986,10.383078,0.993249057
9/3/2015,1,1.195616,17.128281,3.049545,10.250752,0.98725561
10/3/2015,1,1.195616,17.1196,3.058233,10.197822,0.994836476
11/3/2015,1,1.191679,17.006744,3.023481,10.250752,1.005190324
12/3/2015,1,1.203483,16.945972,3.014792,10.497757,1.024096281
13/3/2015,1,1.21135,16.980698,3.014792,10.250752,0.976470688
16/3/2015,1,1.207413,17.084873,2.997416,10.612438,1.03528385
17/3/2015,1,1.199546,17.154325,2.98004,10.40954,0.980881113
18/3/2015,1,1.207413,17.275866,2.98004,10.621262,1.020339227
19/3/2015,1,1.223146,17.32795,2.988728,10.718299,1.009136108
20/3/2015,1,1.231013,17.414766,2.988728,10.718299,1
23/3/2015,1,1.234943,17.544981,2.988728,10.674191,0.995884795
24/3/2015,1,1.24281,17.518938,3.032169,10.541864,0.987603089
25/3/2015,1,1.258543,17.510258,3.040857,10.585974,1.004184269
26/3/2015,1,1.24281,17.666523,3.058233,10.391896,0.981666496
27/3/2015,1,1.254606,17.640474,3.058233,10.541864,1.014431245
30/3/2015,1,1.258543,17.692566,3.040857,10.585974,1.004184269
31/3/2015,1,1.258543,17.675205,3.023481,10.541864,0.995833166
1/4/2015,1,1.258543,17.701248,3.023481,10.700655,1.015062896
2/4/2015,1,1.258543,17.770699,3.049545,10.577153,0.988458464
6/4/2015,1,1.246747,17.753334,3.058233,10.541864,0.996663658
7/4/2015,1,1.262473,17.640474,3.066921,10.444826,0.990794987
8/4/2015,1,1.278207,17.770699,3.049545,10.400719,0.995777144
9/4/2015,1,1.29787,17.727289,3.058233,10.321323,0.992366297
10/4/2015,1,1.305737,17.796741,3.049545,10.356611,1.003418942
13/4/2015,1,1.278207,17.709929,3.101674,10.515402,1.015332332
14/4/2015,1,1.305737,18.005095,3.21462,10.638904,1.011744867
15/4/2015,1,1.301807,18.187403,3.275437,10.603618,0.996683305
16/4/2015,1,1.29394,18.230812,3.292814,10.497757,0.990016521
17/4/2015,1,1.282144,18.395754,3.31019,10.533044,1.003361385
20/4/2015,1,1.282144,18.248175,3.284125,10.585974,1.005025138
21/4/2015,1,1.27034,18.039822,3.275437,10.612438,1.002499912
22/4/2015,1,1.286073,18.126635,3.231997,10.665369,1.004987638
23/4/2015,1,1.262473,18.17004,3.266749,10.709477,1.004135628
24/4/2015,1,1.24281,18.300261,3.275437,10.718299,1.000823756
27/4/2015,1,1.23888,18.397131,3.152498,10.683012,0.99670778
28/4/2015,1,1.235142,18.485201,3.143718,10.753585,1.006606096
29/4/2015,1,1.227172,18.53804,3.134936,10.753585,1
30/4/2015,1,1.227172,18.573267,3.178843,10.762405,1.000820192
4/5/2015,1,1.219203,18.335487,3.117373,10.568331,0.981967413
5/5/2015,1,1.231153,18.229807,3.126155,10.709477,1.013355562
6/5/2015,1,1.231153,18.361908,3.143718,10.45365,0.976112092
7/5/2015,1,1.223184,18.361908,3.152498,10.383078,0.993249057
8/5/2015,1,1.211233,18.53804,3.205187,10.383078,1
11/5/2015,1,1.223184,18.608492,3.222749,10.444826,1.005946984
12/5/2015,1,1.215214,18.370716,3.187624,10.277215,0.983952725
13/5/2015,1,1.215214,18.43236,3.16128,10.29486,1.001716905
14/5/2015,1,1.227172,18.546848,3.152498,10.268394,0.997429203
15/5/2015,1,1.231153,18.485201,3.152498,10.330146,1.006013793
18/5/2015,1,1.231153,18.53804,3.126155,10.338968,1.000854005
19/5/2015,1,1.231153,18.53804,3.16128,10.215466,0.988054707
20/5/2015,1,1.227172,18.397131,3.16128,10.259573,1.004317669
21/5/2015,1,1.219203,18.397131,3.134936,10.206644,0.994841013
22/5/2015,1,1.223184,18.344296,3.16128,10.277215,1.006914222
25/5/2015,1,1.223184,18.361908,3.108592,10.24193,0.996566677
26/5/2015,1,1.227172,18.300262,3.091029,10.215466,0.997416112
27/5/2015,1,1.215214,18.018444,3.064685,10.074319,0.986183009
28/5/2015,1,1.219203,17.912767,3.029561,10.083141,1.000875692
29/5/2015,1,1.239123,17.877541,2.985654,10.012567,0.993000792
2/6/2015,1,1.219203,17.481241,2.976872,9.712631,0.970044046
3/6/2015,1,1.231153,17.710213,2.968091,9.70381,0.999091801
4/6/2015,1,1.235142,17.947992,2.915403,9.562662,0.985454373
5/6/2015,1,1.219203,17.798281,2.924184,9.509732,0.99446493
8/6/2015,1,1.203263,17.683794,2.89784,9.483269,0.997217272
9/6/2015,1,1.171393,17.983219,2.89784,9.38623,0.989767347
10/6/2015,1,1.167404,18.43236,2.950528,9.359765,0.997180444
11/6/2015,1,1.171393,18.670141,2.932966,9.280371,0.991517522
12/6/2015,1,1.171393,18.476393,2.915403,9.315659,1.003802434
15/6/2015,1,1.147484,18.27384,2.871496,9.342121,1.002840593
16/6/2015,1,1.143495,18.088902,2.862715,9.192153,0.983947114
17/6/2015,1,1.139515,18.300262,2.880277,9.315659,1.013436025
18/6/2015,1,1.155454,18.124126,2.889059,9.368588,1.005681724
19/6/2015,1,1.167404,18.212194,2.880277,9.245084,0.986817224
22/6/2015,1,1.163423,18.388327,2.853933,9.280371,1.003816839
23/6/2015,1,1.167404,18.414745,2.906621,9.306836,1.002851718
24/6/2015,1,1.179354,18.317873,2.968091,9.518554,1.022748655
25/6/2015,1,1.175374,18.361908,2.950528,9.368588,0.984244876
26/6/2015,1,1.175374,18.071285,2.941747,9.342121,0.997174921
29/6/2015,1,1.167404,17.877541,2.889059,9.289191,0.994334263
30/6/2015,1,1.167404,18.221001,2.89784,9.465625,1.018993473
1/7/2015,1,1.171393,18.053675,2.889059,9.483269,1.001864008
2/7/2015,1,1.163423,18.053675,2.871496,9.659701,1.018604555
3/7/2015,1,1.167404,18.414745,2.889059,9.871421,1.021917863
6/7/2015,1,1.171393,18.423552,2.89784,9.827312,0.995531646
7/7/2015,1,1.171393,18.476393,2.906621,9.92435,1.009874318
8/7/2015,1,1.155454,18.185772,2.871496,9.774381,0.984888784
9/7/2015,1,1.147484,18.062481,2.862715,9.659701,0.988267288
10/7/2015,1,1.155454,18.17697,2.906621,9.527377,0.986301439
13/7/2015,1,1.159434,18.449972,2.941747,9.668523,1.014814781
14/7/2015,1,1.155454,18.53804,2.95931,9.783204,1.011861274
15/7/2015,1,1.159434,18.670141,2.968091,9.8626,1.008115542
16/7/2015,1,1.171393,18.828659,2.985654,9.968459,1.010733377
20/7/2015,1,1.163423,18.819855,2.994435,10.34779,1.038053123
21/7/2015,1,1.163423,18.872696,3.020779,10.321323,0.997442256
22/7/2015,1,1.147484,18.775818,2.976872,9.994925,0.968376341
23/7/2015,1,1.147484,18.828659,2.95931,10.074319,1.007943431
24/7/2015,1,1.163423,18.846275,2.950528,10.259573,1.018388737
27/7/2015,1,1.139515,18.564461,2.924184,10.091963,0.983663063
28/7/2015,1,1.131545,18.485201,2.89784,10.021388,0.993006811
29/7/2015,1,1.127834,18.494009,2.915403,10.074319,1.005281803
30/7/2015,1,1.119749,18.238611,2.880277,9.59795,0.952714521
31/7/2015,1,1.103577,18.033081,2.880277,9.474446,0.987132252
3/8/2015,1,1.111662,18.068827,2.906621,9.366884,0.988647146
4/8/2015,1,1.119749,18.184998,2.871496,9.241396,0.986603015
5/8/2015,1,1.119749,18.077765,2.862715,9.142796,0.989330616
6/8/2015,1,1.103577,18.158186,2.862715,9.33103,1.020588231
7/8/2015,1,1.103577,18.158186,2.862715,9.33103,1
11/8/2015,1,1.095491,17.630959,2.792464,9.23243,0.989433107
12/8/2015,1,1.067194,16.656921,2.783683,9.142796,0.990291397
13/8/2015,1,1.059117,16.996496,2.836371,9.124869,0.998039221
14/8/2015,1,1.071241,17.21096,2.871496,9.053162,0.992141586
17/8/2015,1,1.059117,16.782028,2.783683,8.972491,0.991089191
18/8/2015,1,1.063156,16.826708,2.722213,9.106943,1.014984913
19/8/2015,1,1.05507,16.719473,2.677587,8.981452,0.986220294
20/8/2015,1,1.046984,16.513943,2.632961,8.936635,0.99501005
21/8/2015,1,1.038898,16.34416,2.606184,8.945598,1.00100295
24/8/2015,1,1.010602,15.772246,2.472305,8.685657,0.970942021
25/8/2015,1,1.051031,15.995651,2.490156,8.721509,1.004127725
26/8/2015,1,1.034859,15.772246,2.543708,8.829073,1.012333187
27/8/2015,1,1.059117,16.165436,2.76684,9.053162,1.025380807
28/8/2015,1,1.083366,16.093945,2.722213,8.972491,0.991089191
31/8/2015,1,1.067194,15.870546,2.740064,8.891817,0.99100874
1/9/2015,1,1.046984,15.611395,2.659736,8.838037,0.993951742
2/9/2015,1,1.042945,15.7365,2.668661,8.802181,0.995942991
3/9/2015,1,1.051031,15.861607,2.668661,8.882854,1.009165115
4/9/2015,1,1.042945,15.638203,2.606184,8.838037,0.994954662
7/9/2015,1,1.022734,15.584587,2.570484,8.829073,0.998985748
8/9/2015,1,1.030812,15.816927,2.650811,9.115906,1.032487329
9/9/2015,1,1.051031,16.049265,2.731138,9.196578,1.008849587
10/9/2015,1,1.067194,15.8348,2.677587,9.02627,0.981481373
14/9/2015,1,1.038898,15.745441,2.61511,8.945598,0.991062532
15/9/2015,1,1.034859,15.629269,2.61511,8.963527,1.002004226
16/9/2015,1,1.030812,15.575651,2.641886,9.214504,1.027999804
17/9/2015,1,1.034859,15.566716,2.686512,9.357921,1.015564267
18/9/2015,1,1.038898,15.48629,2.650811,9.30414,0.99425289
21/9/2015,1,1.042945,15.405864,2.659736,9.45652,1.016377656
22/9/2015,1,1.051031,15.379055,2.606184,9.5103,1.005687082
23/9/2015,1,1.046984,15.102037,2.588334,9.689572,1.018850299
25/9/2015,1,1.042945,14.985868,2.570484,9.5103,0.98149846
28/9/2015,1,1.026773,14.81608,2.534782,9.519265,1.000942662
29/9/2015,1,1.010602,14.628424,2.641886,9.590972,1.007532829
30/9/2015,1,1.014648,14.485445,2.659736,9.590972,1
1/10/2015,1,1.014648,14.539063,2.641886,9.6089,1.001869258
2/10/2015,1,1.018687,14.413955,2.659736,9.599936,0.999067115
5/10/2015,1,1.030812,14.75353,2.677587,9.6089,1.000933756
6/10/2015,1,1.038898,15.11991,2.748989,9.590972,0.99813423
7/10/2015,1,1.05507,15.620333,2.820391,9.537191,0.994392539
8/10/2015,1,1.067194,15.566716,2.820391,9.546155,1.000939899
9/10/2015,1,1.079327,15.807992,2.820391,9.465486,0.991549582
12/10/2015,1,1.079327,15.879478,2.882868,9.84195,1.039772284
13/10/2015,1,1.05507,15.647141,2.811466,9.877807,1.003643282
14/10/2015,1,1.067194,15.575651,2.873943,9.84195,0.996369943
15/10/2015,1,1.059117,15.772246,2.891794,9.868841,1.002732284
16/10/2015,1,1.067194,15.977777,2.847167,9.886768,1.001816525
19/10/2015,1,1.059117,16.004583,2.873943,9.806097,0.991840508
20/10/2015,1,1.063156,15.861607,2.909644,9.832989,1.002742375
21/10/2015,1,1.067194,15.995651,2.91857,9.815062,0.998176851
22/10/2015,1,1.099538,15.906287,2.873943,9.859879,1.004566145
23/10/2015,1,1.127834,16.085012,2.945346,10.003294,1.01454531
26/10/2015,1,1.127834,16.093945,2.963196,9.859879,0.985663223
27/10/2015,1,1.140565,15.8348,2.963196,9.877807,1.001818278
28/10/2015,1,1.136458,15.593526,2.998897,9.877807,1
29/10/2015,1,1.128251,15.48629,2.900719,9.850914,0.997277432
30/10/2015,1,1.124152,15.432674,2.954271,9.680609,0.982711756
2/11/2015,1,1.107739,15.414802,2.981047,9.5103,0.982407202
3/11/2015,1,1.115945,15.727565,2.945346,9.84195,1.034872717
4/11/2015,1,1.132358,15.96884,2.945346,9.877807,1.003643282
5/11/2015,1,1.115945,15.647141,2.945346,9.994331,1.011796546
6/11/2015,1,1.107739,15.548841,2.873943,9.985367,0.999103092
9/11/2015,1,1.095433,15.602459,2.811466,9.752316,0.976660748
11/11/2015,1,1.066715,15.566716,2.76684,9.76128,1.000919166
12/11/2015,1,1.074921,15.405864,2.704363,9.76128,1
13/11/2015,1,1.050301,15.316504,2.659736,9.707498,0.994490272
16/11/2015,1,1.050301,15.316504,2.624035,9.716545,1.00093196
17/11/2015,1,1.0544,15.262886,2.624035,9.589886,0.986964605
18/11/2015,1,1.042095,15.02161,2.570484,9.499416,0.990566103
19/11/2015,1,1.0544,15.191399,2.61511,9.571792,1.007618995
20/11/2015,1,1.058508,15.102037,2.632961,9.680356,1.011342077
23/11/2015,1,1.058508,14.994804,2.632961,9.671309,0.999065427
24/11/2015,1,1.050301,15.110973,2.641886,9.716545,1.00467734
25/11/2015,1,1.042095,14.941187,2.624035,9.607982,0.988826996
26/11/2015,1,1.046194,14.887571,2.61511,9.472275,0.985875598
27/11/2015,1,1.050301,14.833954,2.579409,9.30038,0.981852828
30/11/2015,1,1.062607,14.744593,2.552633,9.191816,0.988326929
1/12/2015,1,1.07902,14.789273,2.552633,9.209909,1.001968381
2/12/2015,1,1.083119,14.851828,2.606184,9.282287,1.00785871
3/12/2015,1,1.091326,14.851828,2.659736,9.381804,1.010721172
4/12/2015,1,1.091326,14.81608,2.624035,9.427038,1.004821461
7/12/2015,1,1.07902,14.932251,2.650811,9.562745,1.014395508
8/12/2015,1,1.07902,14.84289,2.588334,9.933674,1.038788967
9/12/2015,1,1.058508,14.75353,2.606184,9.969864,1.003643164
10/12/2015,1,1.066715,14.708847,2.588334,9.879394,0.990925654
11/12/2015,1,1.066715,14.664168,2.579409,9.942721,1.006410009
14/12/2015,1,1.046194,14.583742,2.606184,9.91558,0.997270264
15/12/2015,1,1.050301,14.583742,2.570484,9.816063,0.989963572
16/12/2015,1,1.074921,14.75353,2.579409,9.770828,0.995391737
17/12/2015,1,1.070814,14.825017,2.641886,9.987957,1.02222217
18/12/2015,1,1.062607,14.592679,2.61511,10.04224,1.005434845
21/12/2015,1,1.050301,14.592679,2.668661,9.960815,0.991891749
22/12/2015,1,1.050301,14.610552,2.695437,10.114617,1.015440704
23/12/2015,1,1.066715,14.780337,2.704363,10.087475,0.997316557
24/12/2015,1,1.062607,14.869699,2.704363,9.997005,0.991031452
28/12/2015,1,1.066715,14.878633,2.677587,10.060333,1.006334697
29/12/2015,1,1.074921,14.941187,2.695437,10.123662,1.006294921
30/12/2015,1,1.066715,14.941187,2.713288,10.150805,1.002681144
31/12/2015,1,1.066715,14.91438,2.686512,10.13271,0.998217383
4/1/2016,1,1.070814,14.547998,2.650811,9.942721,0.981249932
5/1/2016,1,1.074921,14.512254,2.650811,10.060333,1.011828955
6/1/2016,1,1.099532,14.387148,2.659736,9.888439,0.982913687
7/1/2016,1,1.062607,14.029703,2.561558,9.816063,0.992680746
8/1/2016,1,1.050301,14.047575,2.588334,9.960815,1.014746442
11/1/2016,1,1.042095,13.743748,2.588334,9.91558,0.995458705
12/1/2016,1,1.074921,13.734812,2.561558,9.933674,1.001824805
13/1/2016,1,1.066715,13.663321,2.588334,9.997005,1.006375385
14/1/2016,1,1.050301,13.261196,2.570484,10.051288,1.005429926
15/1/2016,1,1.050301,13.082475,2.570484,9.987957,0.993699215
18/1/2016,1,1.046194,12.716093,2.543708,10.10557,1.011775481
19/1/2016,1,1.070814,12.939496,2.606184,10.033192,0.992837811
20/1/2016,1,1.058508,12.590988,2.606184,9.861297,0.982867367
21/1/2016,1,1.050301,12.305034,2.588334,9.807015,0.99449545
22/1/2016,1,1.0544,12.394393,2.61511,9.924628,1.011992742
25/1/2016,1,1.066715,12.644606,2.579409,9.82511,0.989972622
26/1/2016,1,1.07902,12.296097,2.534782,9.906534,1.008287337
27/1/2016,1,1.07902,12.206736,2.508006,9.879394,0.997260394
28/1/2016,1,1.066715,12.099503,2.543708,9.879394,1
29/1/2016,1,1.095433,12.564181,2.561558,9.978909,1.010072986
1/2/2016,1,1.111838,12.313968,2.516932,9.960815,0.998186776
2/2/2016,1,1.100268,12.072694,2.427679,9.879394,0.99182587
3/2/2016,1,1.100268,11.858226,2.418754,9.879394,1
4/2/2016,1,1.125278,11.947587,2.44553,9.788922,0.990842353
5/2/2016,1,1.133614,12.15312,2.46338,10.168898,1.03881694
10/2/2016,1,1.116941,11.956525,2.400903,10.060333,0.989323819
11/2/2016,1,1.141951,11.742059,2.400903,9.960815,0.990107882
12/2/2016,1,1.112778,11.634824,2.400903,9.951769,0.999091841
15/2/2016,1,1.137778,11.983333,2.454455,10.051288,1.010000132
16/2/2016,1,1.179461,12.224607,2.44553,10.141758,1.009000837
17/2/2016,1,1.175288,12.15312,2.44553,10.177945,1.003568119
18/2/2016,1,1.166951,12.412266,2.508006,10.34984,1.016888969
19/2/2016,1,1.166951,12.224607,2.499081,10.386027,1.003496383
22/2/2016,1,1.166951,12.170991,2.499081,10.530781,1.01393738
23/2/2016,1,1.175288,12.233543,2.552633,10.367933,0.984536
24/2/2016,1,1.171124,11.974396,2.472305,10.331746,0.996509719
25/2/2016,1,1.171124,11.929716,2.508006,10.268415,0.993870252
26/2/2016,1,1.171124,12.144183,2.543708,10.431263,1.015859117
29/2/2016,1,1.175288,12.135247,2.668661,10.521734,1.008673063
1/3/2016,1,1.179461,12.367586,2.668661,10.404123,0.98882209
2/3/2016,1,1.175288,12.725029,2.704363,10.295558,0.989565194
3/3/2016,1,1.175288,13.145027,2.757915,10.449357,1.014938384
4/3/2016,1,1.200297,13.725874,2.76684,10.277463,0.983549801
7/3/2016,1,1.179461,13.743748,2.740064,10.196041,0.992077617
8/3/2016,1,1.166951,13.511408,2.686512,10.277463,1.007985649
9/3/2016,1,1.200297,13.609706,2.775765,10.214132,0.993837876
10/3/2016,1,1.179461,13.538217,2.78469,10.241275,1.002657397
11/3/2016,1,1.191961,13.618641,2.775765,10.34984,1.010600731
14/3/2016,1,1.191961,13.743748,2.802541,10.268415,0.992132729
15/3/2016,1,1.200297,13.734812,2.811466,10.322698,1.005286405
16/3/2016,1,1.196125,13.734812,2.847167,10.386027,1.006134927
17/3/2016,1,1.196125,14.065448,2.865018,10.358886,0.997386777
18/3/2016,1,1.208634,14.31566,2.882868,10.413169,1.005240235
21/3/2016,1,1.183625,14.074383,2.882868,10.476499,1.006081722
22/3/2016,1,1.175288,13.895662,2.820391,10.358886,0.988773635
23/3/2016,1,1.187797,13.913534,2.838242,10.404123,1.004366975
24/3/2016,1,1.166951,13.708002,2.847167,10.376981,0.997391227
28/3/2016,1,1.166951,13.556088,2.811466,10.358886,0.998256237
29/3/2016,1,1.175288,13.565027,2.802541,10.259369,0.990393079
30/3/2016,1,1.171124,13.842045,2.873943,10.376981,1.011463863
31/3/2016,1,1.175288,13.743748,2.882868,10.331746,0.995640832
1/4/2016,1,1.162788,13.591834,2.891794,10.34984,1.001751301
4/4/2016,1,1.162788,13.556088,2.93642,10.367933,1.001748143
5/4/2016,1,1.171124,13.448855,2.856093,10.331746,0.996509719
6/4/2016,1,1.166951,13.430983,2.873943,10.295558,0.996497397
7/4/2016,1,1.179461,13.484601,2.882868,10.295558,1
8/4/2016,1,1.175288,13.404176,2.882868,10.241275,0.994727532
11/4/2016,1,1.191961,13.457792,2.873943,10.232228,0.999116614
12/4/2016,1,1.200297,13.475664,2.865018,10.241275,1.000884167
13/4/2016,1,1.204461,13.824173,2.945346,10.31365,1.007066991
14/4/2016,1,1.191961,14.002895,2.927495,10.386027,1.007017593
15/4/2016,1,1.204461,14.074383,2.989972,10.304605,0.992160429
18/4/2016,1,1.200297,14.011831,2.989972,10.367933,1.006145602
19/4/2016,1,1.241971,14.181617,3.043524,10.404123,1.00349057
20/4/2016,1,1.225307,14.21736,3.061375,10.494593,1.008695591
21/4/2016,1,1.237807,14.181617,3.08815,10.494593,1
22/4/2016,1,1.250308,14.128001,3.034599,10.467452,0.997413811
25/4/2016,1,1.241971,14.029703,2.944014,10.367933,0.990492529
26/4/2016,1,1.221134,14.011831,2.953072,10.34984,0.998254908
27/4/2016,1,1.237807,13.940343,2.925896,10.376981,1.002622359
28/4/2016,1,1.250308,13.797363,2.871545,10.376981,1
29/4/2016,1,1.250308,13.654387,2.916838,10.404123,1.002615597
3/5/2016,1,1.267641,13.71694,2.880604,10.304605,0.990434754
4/5/2016,1,1.221159,13.71694,2.771902,10.186993,0.988586462
5/5/2016,1,1.216937,13.680482,2.934955,10.13271,0.994671342
6/5/2016,1,1.216937,13.552882,2.84437,10.087475,0.995535745
9/5/2016,1,1.204263,13.589338,2.907779,10.268415,1.017937095
10/5/2016,1,1.242293,13.489082,2.853428,10.259369,0.999119046
11/5/2016,1,1.221159,13.370598,2.862487,10.539827,1.027336769
12/5/2016,1,1.216937,13.552882,2.835311,10.521734,0.998283368
13/5/2016,1,1.212707,13.607569,2.790019,9.951769,0.945829746
16/5/2016,1,1.225389,13.607569,2.862487,9.770828,0.981818207
17/5/2016,1,1.208485,13.76251,2.898721,9.617028,0.984259266
18/5/2016,1,1.246515,13.735168,2.889663,9.73464,1.012229558
19/5/2016,1,1.200033,13.680482,2.790019,9.598932,0.986059269
20/5/2016,1,1.216937,13.789854,2.862487,9.589886,0.999057603
23/5/2016,1,1.200033,13.862767,2.835311,9.535603,0.994339557
24/5/2016,1,1.208485,13.817196,2.808136,9.499416,0.996205064
25/5/2016,1,1.191581,13.953908,2.826253,9.653215,1.016190364
26/5/2016,1,1.200033,13.963023,2.84437,9.5537,0.989690999
27/5/2016,1,1.195811,14.163537,2.907779,9.607982,1.005681778
30/5/2016,1,1.200033,14.172651,2.889663,9.562745,0.995291727
31/5/2016,1,1.212707,14.12708,2.925896,9.662263,1.010406844
1/6/2016,1,1.212707,14.12708,2.862487,9.662263,1
2/6/2016,1,1.204263,14.117965,2.862487,9.544652,0.9878278
3/6/2016,1,1.212707,14.12708,2.880604,9.635121,1.009478502
6/6/2016,1,1.212707,14.309364,2.889663,9.635121,1
7/6/2016,1,1.216937,14.391392,2.925896,9.562745,0.992488314
8/6/2016,1,1.221159,14.518992,2.898721,9.580839,1.001892135
9/6/2016,1,1.221159,14.49165,2.871545,9.589886,1.000944281
10/6/2016,1,1.221159,14.482535,2.835311,9.562745,0.997169831
13/6/2016,1,1.221159,14.272908,2.898721,9.571792,1.000946067
14/6/2016,1,1.221159,14.254681,2.84437,9.544652,0.997164585
15/6/2016,1,1.225389,14.354936,2.817194,9.51751,0.997156313
16/6/2016,1,1.200033,14.227336,2.799078,9.499416,0.998098872
17/6/2016,1,1.208485,14.218224,2.853428,9.5537,1.005714457
20/6/2016,1,1.246515,14.537222,2.853428,9.589886,1.003787642
21/6/2016,1,1.216937,14.610135,2.826253,9.535603,0.994339557
22/6/2016,1,1.204263,14.573678,2.808136,9.5537,1.001897835
23/6/2016,1,1.225389,14.528106,2.826253,9.544652,0.999052932
24/6/2016,1,1.212707,14.136194,2.753785,9.408946,0.985781986
27/6/2016,1,1.225389,13.908337,2.744727,9.408946,1
28/6/2016,1,1.267641,13.944796,2.799078,9.427038,1.001922851
29/6/2016,1,1.254967,14.154423,2.799078,9.535603,1.011516343
30/6/2016,1,1.250737,14.36405,2.853428,9.644169,1.011385331
1/7/2016,1,1.259189,14.309364,2.826253,9.680356,1.003752215
4/7/2016,1,1.276093,14.382277,2.880604,9.589886,0.990654269
5/7/2016,1,1.233841,14.354936,2.880604,9.707497,1.012264067
7/7/2016,1,1.254967,14.291137,2.907779,9.707497,1
8/7/2016,1,1.250737,14.309364,2.880604,9.716545,1.000932063
11/7/2016,1,1.267641,14.391392,2.971189,9.779876,1.006517852
12/7/2016,1,1.297218,14.446079,3.007423,9.852252,1.007400503
13/7/2016,1,1.292997,14.573678,3.052716,9.870345,1.001836433
14/7/2016,1,1.301449,14.537222,3.034599,9.942721,1.007332672
15/7/2016,1,1.309901,14.692164,3.052716,10.087475,1.014558791
18/7/2016,1,1.280314,14.755963,3.052716,10.024144,0.993721818
19/7/2016,1,1.276093,14.701277,3.043657,9.897487,0.987364806
20/7/2016,1,1.271871,14.792418,3.079891,10.060333,1.016453267
21/7/2016,1,1.263419,14.856218,3.061774,10.015098,0.995503628
22/7/2016,1,1.271871,14.847107,3.061774,10.096521,1.008130025
25/7/2016,1,1.254967,14.801534,3.034599,10.060333,0.996415795
26/7/2016,1,1.267641,14.765079,3.007423,10.13271,1.007194295
27/7/2016,1,1.297218,14.819762,3.052716,10.060333,0.992857094
28/7/2016,1,1.318344,14.473421,2.989306,10.13271,1.007194295
29/7/2016,1,1.339479,14.045051,2.980247,9.933674,0.980357081
1/8/2016,1,1.353671,13.999479,3.034599,9.997005,1.006375385
2/8/2016,1,1.331838,13.808082,2.989306,9.912916,0.991588581
3/8/2016,1,1.340571,13.753397,3.016482,9.847515,0.993402446
4/8/2016,1,1.336204,13.707825,3.034599,9.828831,0.998102669
5/8/2016,1,1.340571,13.516425,3.02554,9.950289,1.012357319
8/8/2016,1,1.327471,13.707825,3.052716,10.127806,1.017840386
10/8/2016,1,1.327471,13.653138,3.107067,10.165178,1.003690039
11/8/2016,1,1.336204,13.625796,3.08895,10.043719,0.988051464
12/8/2016,1,1.331838,13.707825,3.08895,10.062406,1.001860566
15/8/2016,1,1.327471,13.819421,3.02554,10.221236,1.015784495
16/8/2016,1,1.331838,13.772923,3.007423,10.202551,0.998171943
17/8/2016,1,1.344938,13.717124,2.971189,10.043719,0.984432129
18/8/2016,1,1.340571,13.754323,2.980388,10.071747,1.0027906
19/8/2016,1,1.349304,13.847321,3.017182,9.98766,0.9916512
22/8/2016,1,1.353671,13.828721,3.03558,9.98766,1
23/8/2016,1,1.362404,13.949618,3.053977,10.099778,1.011225652
24/8/2016,1,1.349304,14.144913,3.026381,10.025032,0.992599243
25/8/2016,1,1.358038,14.200711,3.007984,10.137149,1.011183705
26/8/2016,1,1.340571,14.042616,2.989587,10.015691,0.988018525
29/8/2016,1,1.340571,13.977517,2.925195,9.950289,0.993470046
30/8/2016,1,1.344938,13.996117,2.96199,9.866204,0.991549492
31/8/2016,1,1.362404,13.940318,2.971189,9.810145,0.994318078
1/9/2016,1,1.366771,13.977517,2.980388,9.922261,1.011428577
2/9/2016,1,1.375505,13.977517,2.998785,9.912916,0.999058178
5/9/2016,1,1.397338,14.182112,3.072375,10.071747,1.016022631
6/9/2016,1,1.401705,14.349507,3.136766,10.137149,1.00649361
7/9/2016,1,1.392971,14.461104,3.145965,9.968975,0.983410128
8/9/2016,1,1.384238,14.461104,3.145965,10.053062,1.008434869
9/9/2016,1,1.392971,14.358807,3.090772,9.931603,0.987918208
13/9/2016,1,1.375505,13.996117,3.026381,9.819489,0.988711389
14/9/2016,1,1.371138,13.977517,3.026381,9.838172,1.001902645
15/9/2016,1,1.371138,13.92172,3.007984,9.800801,0.996201428
16/9/2016,1,1.379871,14.098414,3.03558,9.800801,1
19/9/2016,1,1.362404,14.126312,3.072375,9.85686,1.005719839
20/9/2016,1,1.371138,14.200711,3.026381,9.838172,0.998104062
21/9/2016,1,1.353671,14.135613,3.017182,9.884888,1.004748443
22/9/2016,1,1.379871,14.172811,3.017182,9.875546,0.999054921
23/9/2016,1,1.384238,14.154213,3.03558,9.866204,0.999054027
26/9/2016,1,1.388605,14.135613,3.017182,9.838172,0.997158786
27/9/2016,1,1.388605,14.228611,3.007984,9.922261,1.008547218
28/9/2016,1,1.397338,14.154213,2.989587,9.85686,0.99340866
29/9/2016,1,1.388605,14.396006,3.007984,9.931603,1.007582841
30/9/2016,1,1.397338,14.312308,2.971189,9.819489,0.988711389
3/10/2016,1,1.401705,14.275109,2.980388,9.819489,1
4/10/2016,1,1.384238,14.284408,2.989587,9.810145,0.999048423
5/10/2016,1,1.371138,14.293709,3.007984,9.828831,1.001904763
6/10/2016,1,1.358038,14.312308,2.998785,9.800801,0.997148186
7/10/2016,1,1.349304,14.340207,2.980388,9.782116,0.998093523
10/10/2016,1,1.353671,14.303008,2.980388,9.819489,1.003820544
11/10/2016,1,1.340571,14.293709,2.980388,9.810145,0.999048423
12/10/2016,1,1.323104,14.089114,2.934394,9.641971,0.982857134
13/10/2016,1,1.327471,13.977517,2.915997,9.641971,1
14/10/2016,1,1.331838,13.977517,2.925195,9.557883,0.991278962
17/10/2016,1,1.336204,13.949618,2.925195,9.567226,1.000977518
18/10/2016,1,1.327471,14.005417,2.934394,9.501825,0.993164058
19/10/2016,1,1.353671,14.024016,2.925195,9.511168,1.000983285
20/10/2016,1,1.349304,14.042616,2.943593,9.57657,1.006876337
21/10/2016,1,1.366771,13.977517,2.906798,9.511168,0.993170624
24/10/2016,1,1.353671,14.061214,2.934394,9.698029,1.019646483
25/10/2016,1,1.358038,14.005417,2.934394,9.595256,0.989402692
26/10/2016,1,1.349304,13.903119,2.879202,9.511168,0.991236503
27/10/2016,1,1.362404,13.903119,2.879202,9.511168,1
28/10/2016,1,1.340571,13.856621,2.860804,9.473796,0.996070724
31/10/2016,1,1.336204,13.949618,2.879202,9.464453,0.999013806
1/11/2016,1,1.338935,13.940318,2.860804,9.492483,1.002961608
2/11/2016,1,1.334531,13.958918,2.860804,9.464453,0.997047137
3/11/2016,1,1.321318,13.903119,2.842407,9.445767,0.998025665
4/11/2016,1,1.308104,13.884521,2.805612,9.29628,0.984174181
7/11/2016,1,1.3037,14.070516,2.842407,9.314965,1.002009944
8/11/2016,1,1.338935,14.25651,2.879202,9.286937,0.996991078
9/11/2016,1,1.360957,14.061214,2.824009,9.17482,0.987927451
10/11/2016,1,1.316913,14.591301,2.860804,9.314965,1.015274959
11/11/2016,1,1.277274,15.000488,2.814811,9.211257,0.988866517
14/11/2016,1,1.242039,14.981891,2.851605,9.107547,0.98874095
15/11/2016,1,1.246443,15.195784,2.879202,9.116975,1.001035185
16/11/2016,1,1.250847,15.065589,2.906798,9.05098,0.992761305
17/11/2016,1,1.272869,15.279483,2.943593,9.126404,1.008333241
18/11/2016,1,1.268465,15.34458,3.017182,9.154688,1.00309914
21/11/2016,1,1.23323,15.32598,2.952791,9.069835,0.990731197
22/11/2016,1,1.23323,15.353881,3.007984,9.05098,0.997921131
23/11/2016,1,1.242039,15.586373,3.007984,9.126404,1.008333241
24/11/2016,1,1.255252,15.623572,3.007984,9.1924,1.007231326
25/11/2016,1,1.272869,15.856065,3.026381,9.23954,1.005128149
28/11/2016,1,1.259656,16.135059,3.03558,9.23954,1
29/11/2016,1,1.264061,16.135059,3.044779,9.296108,1.006122383
30/11/2016,1,1.272869,16.321054,3.10917,9.428103,1.014198953
1/12/2016,1,1.246443,16.609348,3.072375,9.248969,0.980999995
2/12/2016,1,1.246443,16.637243,3.081574,9.116975,0.985728788
5/12/2016,1,1.255252,16.711641,3.090772,9.23954,1.013443604
6/12/2016,1,1.259656,16.888336,3.10917,9.173543,0.992857112
7/12/2016,1,1.268465,17.037134,3.090772,9.164116,0.998972371
8/12/2016,1,1.286083,16.869738,3.090772,9.173543,1.001028686
9/12/2016,1,1.277274,16.581446,3.10917,9.201829,1.003083432
12/12/2016,1,1.268465,16.432648,3.127568,9.23954,1.004098207
13/12/2016,1,1.250847,16.553547,3.136766,9.23954,1
14/12/2016,1,1.259656,16.702341,3.136766,9.201829,0.99591852
15/12/2016,1,1.242039,16.674444,3.081574,9.173543,0.996926046
16/12/2016,1,1.237634,16.767441,3.072375,9.230113,1.006166647
19/12/2016,1,1.228825,16.46055,3.044779,9.211257,0.997957121
20/12/2016,1,1.224421,16.321054,3.03558,9.201829,0.99897647
21/12/2016,1,1.228825,16.386154,3.017182,9.1924,0.998975312
22/12/2016,1,1.220017,16.172256,2.952791,9.182971,0.998974261
23/12/2016,1,1.215612,16.172256,2.952791,9.135831,0.994866585
27/12/2016,1,1.228825,16.218756,2.989587,9.182971,1.005159903
28/12/2016,1,1.228825,16.246655,2.998785,9.135831,0.994866585
29/12/2016,1,1.215612,16.162958,2.96199,9.126404,0.998968129
30/12/2016,1,1.228825,16.125757,2.971189,9.116975,0.998966844
3/1/2017,1,1.237634,16.107159,3.026381,9.14526,1.003102454
4/1/2017,1,1.246443,16.293156,3.03558,9.173543,1.00309264
5/1/2017,1,1.259656,16.553547,3.017182,9.1924,1.002055585
6/1/2017,1,1.277274,16.432648,3.026381,9.230113,1.004102628
9/1/2017,1,1.281678,16.600046,3.03558,9.267824,1.004085649
10/1/2017,1,1.290487,16.730242,3.090772,9.296108,1.003051849
11/1/2017,1,1.294891,16.776743,3.090772,9.277254,0.997971839
12/1/2017,1,1.286083,16.851139,3.072375,9.201829,0.9918699
13/1/2017,1,1.290487,17.027832,3.072375,9.277254,1.00819674
16/1/2017,1,1.286083,17.037134,3.053977,9.296108,1.002032282
17/1/2017,1,1.294891,17.065033,3.099971,9.314966,1.002028591
18/1/2017,1,1.286083,16.925535,3.136766,9.352677,1.004048431
19/1/2017,1,1.281678,16.999933,3.118369,9.343248,0.998991839
20/1/2017,1,1.281678,16.990635,3.026381,9.352677,1.001009178
23/1/2017,1,1.294891,17.055733,3.044779,9.343248,0.998991839
24/1/2017,1,1.312509,17.353325,3.026381,9.446959,1.011100101
25/1/2017,1,1.3037,17.53002,3.03558,9.465815,1.001995986
26/1/2017,1,1.325722,17.697416,3.072375,9.409245,0.994023758
27/1/2017,1,1.347744,17.827612,3.072375,9.465815,1.006012172
31/1/2017,1,1.347744,17.641615,3.03558,9.333821,0.986055717
1/2/2017,1,1.354719,17.557919,3.03558,9.484672,1.016161763
2/2/2017,1,1.350248,17.464922,3.026381,9.371534,0.988071491
3/2/2017,1,1.341306,17.353325,3.053977,9.390389,1.002011944
6/2/2017,1,1.332364,17.604418,3.072375,9.248969,0.984939921
7/2/2017,1,1.363661,17.539322,3.099971,9.164116,0.99082568
8/2/2017,1,1.35919,17.483521,3.063176,9.23954,1.008230363
9/2/2017,1,1.363661,17.502121,3.090772,9.371534,1.014285776
10/2/2017,1,1.363661,17.641615,3.136766,9.277254,0.989939747
13/2/2017,1,1.368132,17.585817,3.145965,9.305537,1.003048639
14/2/2017,1,1.354719,16.981335,3.127568,9.277254,0.996960627
15/2/2017,1,1.35919,16.953436,3.118369,9.314966,1.004064996
16/2/2017,1,1.350248,17.241728,3.127568,9.267824,0.994939112
17/2/2017,1,1.341306,17.297527,3.329939,9.277254,1.001017499
20/2/2017,1,1.336835,17.204529,3.329939,9.286681,1.001016141
21/2/2017,1,1.341306,17.16733,3.375933,9.314966,1.00304576
22/2/2017,1,1.354719,17.437023,3.403529,9.352677,1.004048431
23/2/2017,1,1.345777,17.567219,3.403529,9.343248,0.998991839
24/2/2017,1,1.341306,17.548618,3.394331,9.296108,0.994954645
27/2/2017,1,1.336835,17.492821,3.394331,9.333821,1.004056859
28/2/2017,1,1.341306,17.418421,3.385132,9.380962,1.005050558
1/3/2017,1,1.341306,17.502121,3.403529,9.352677,0.996984851
2/3/2017,1,1.327893,17.697416,3.403529,9.399818,1.005040375
3/3/2017,1,1.332364,17.678816,3.366734,9.352677,0.994984903
6/3/2017,1,1.323422,17.725315,3.348337,9.333821,0.997983893
7/3/2017,1,1.323422,17.753214,3.366734,9.380962,1.005050558
8/3/2017,1,1.332364,17.929909,3.375933,9.418674,1.004020057
9/3/2017,1,1.310009,17.613718,3.329939,9.352677,0.992992963
10/3/2017,1,1.318951,17.604418,3.366734,9.362106,1.001008161
13/3/2017,1,1.327893,17.771812,3.385132,9.418674,1.00604223
14/3/2017,1,1.336835,17.846212,3.375933,9.437531,1.002002086
15/3/2017,1,1.327893,17.790413,3.339138,9.362106,0.992007973
16/3/2017,1,1.332364,17.781113,3.394331,9.399818,1.004028153
17/3/2017,1,1.341306,17.799711,3.449523,9.437531,1.004012099
20/3/2017,1,1.332364,17.678816,3.385132,9.428103,0.99900101
21/3/2017,1,1.332364,17.669518,3.375933,9.465815,1.003999956
22/3/2017,1,1.332364,17.362625,3.339138,9.390389,0.992031748
23/3/2017,1,1.332364,17.344025,3.348337,9.465815,1.008032255
24/3/2017,1,1.341306,17.474222,3.385132,9.475243,1.000996005
27/3/2017,1,1.341306,17.390524,3.366734,9.437531,0.996019944
28/3/2017,1,1.350248,17.688118,3.431126,9.541241,1.010989103
29/3/2017,1,1.350248,17.939211,3.440324,9.607236,1.006916815
30/3/2017,1,1.35919,17.948507,3.458722,9.588381,0.998037417
31/3/2017,1,1.368132,18.041504,3.431126,9.4941,0.990167162
3/4/2017,1,1.377074,18.041504,3.357536,9.710945,1.022839974
4/4/2017,1,1.377074,17.88341,3.348337,9.682662,0.997087513
5/4/2017,1,1.377074,17.864809,3.366734,9.644949,0.9961051
6/4/2017,1,1.381545,17.790413,3.348337,9.541241,0.989247429
7/4/2017,1,1.381545,17.678816,3.357536,9.560096,1.001976158
10/4/2017,1,1.372603,17.790413,3.375933,9.626093,1.006903383
11/4/2017,1,1.372603,17.818312,3.403529,9.607236,0.998041054
12/4/2017,1,1.377074,17.90201,3.431126,9.673234,1.006869614
13/4/2017,1,1.381545,17.753214,3.449523,9.588381,0.991228063
17/4/2017,1,1.386016,17.576519,3.403529,9.588381,1
18/4/2017,1,1.390487,17.595119,3.449523,9.588381,1
19/4/2017,1,1.421784,17.474222,3.486318,9.588381,1
20/4/2017,1,1.4039,17.585817,3.477119,9.569524,0.998033349
21/4/2017,1,1.394958,17.455622,3.486318,9.588381,1.001970526
24/4/2017,1,1.390487,17.669518,3.495516,9.578953,0.999016727
25/4/2017,1,1.4039,17.855513,3.561648,9.701516,1.012795031
26/4/2017,1,1.417313,17.957808,3.58999,9.710945,1.00097191
27/4/2017,1,1.426255,17.864809,3.58999,9.73923,1.002912693
28/4/2017,1,1.426255,17.995007,3.580543,9.663806,0.992255651
2/5/2017,1,1.428613,18.469296,3.608885,9.758086,1.009755991
3/5/2017,1,1.424078,19.37137,3.571095,9.692089,0.993236686
4/5/2017,1,1.410472,19.295885,3.58999,9.758086,1.006809368
5/5/2017,1,1.396866,19.267578,3.637227,9.824082,1.006763212
8/5/2017,1,1.396866,19.154348,3.618332,9.94665,1.01247628
9/5/2017,1,1.405937,19.343063,3.637227,10.088069,1.014217752
11/5/2017,1,1.405937,19.748795,3.58999,10.172922,1.008411223
12/5/2017,1,1.405937,19.512905,3.542753,10.182351,1.000926872
15/5/2017,1,1.396866,19.597826,3.504964,10.040929,0.986111066
16/5/2017,1,1.392331,19.484598,3.476622,9.89008,0.984976589
17/5/2017,1,1.392331,19.626131,3.486069,10.125782,1.023832163
18/5/2017,1,1.392331,19.465725,3.533306,10.144638,1.001862177
19/5/2017,1,1.415007,19.531776,3.44828,9.409245,0.927509193
22/5/2017,1,1.410472,19.682747,3.44828,9.230113,0.980962128
23/5/2017,1,1.415007,19.814846,3.486069,9.230113,1
24/5/2017,1,1.415007,19.814846,3.504964,9.277254,1.005107305
25/5/2017,1,1.405937,19.852589,3.504964,9.324394,1.005081245
26/5/2017,1,1.396866,19.626131,3.514411,9.314966,0.998988889
29/5/2017,1,1.396866,19.663876,3.457727,9.220684,0.989878439
30/5/2017,1,1.392331,19.43742,3.476622,9.286681,1.007157495
31/5/2017,1,1.401402,19.314756,3.514411,9.437531,1.016243694
1/6/2017,1,1.392331,19.484598,3.486069,9.437531,1
2/6/2017,1,1.396866,19.32419,3.495517,9.456387,1.00199798
5/6/2017,1,1.396866,19.333628,3.523859,9.456387,1
6/6/2017,1,1.401402,19.333628,3.504964,9.428103,0.997009006
7/6/2017,1,1.401402,19.277014,3.504964,9.409245,0.99799981
8/6/2017,1,1.401402,19.314756,3.495517,9.437531,1.003006192
9/6/2017,1,1.410472,19.550646,3.561648,9.503528,1.006993037
12/6/2017,1,1.410472,19.427984,3.533306,9.446959,0.994047579
13/6/2017,1,1.415007,19.607262,3.533306,9.437531,0.999002007
14/6/2017,1,1.410472,19.427984,3.561648,9.465815,1.00299697
15/6/2017,1,1.410472,19.258142,3.514411,9.371534,0.990039843
16/6/2017,1,1.410472,19.295885,3.495517,9.399818,1.003018076
19/6/2017,1,1.415007,19.43742,3.542753,9.418674,1.002005996
20/6/2017,1,1.410472,19.295885,3.533306,9.399818,0.99799802
21/6/2017,1,1.410472,19.248707,3.476622,9.390389,0.998996895
22/6/2017,1,1.415007,19.286449,3.514411,9.371534,0.997992096
23/6/2017,1,1.405937,19.201529,3.504964,9.390389,1.002011944
27/6/2017,1,1.415007,19.201529,3.514411,9.512956,1.013052388
28/6/2017,1,1.424078,19.210964,3.533306,9.503528,0.999008931
29/6/2017,1,1.437684,19.682747,3.533306,9.616664,1.011904632
30/6/2017,1,1.446754,19.569519,3.476622,9.541241,0.992157052
3/7/2017,1,1.442219,19.484598,3.476622,9.503528,0.99604737
4/7/2017,1,1.433149,19.522339,3.438833,9.475243,0.997023737
5/7/2017,1,1.442219,19.909203,3.495517,9.4941,1.001990134
6/7/2017,1,1.433149,19.569519,3.476622,9.465815,0.997020781
7/7/2017,1,1.428613,19.65444,3.438833,9.456387,0.999003995
10/7/2017,1,1.424078,19.814846,3.44828,9.484672,1.0029911
11/7/2017,1,1.433149,19.597826,3.438833,9.512956,1.002982075
12/7/2017,1,1.424078,19.43742,3.429385,9.456387,0.994053478
13/7/2017,1,1.424078,19.843153,3.476622,9.484672,1.0029911
14/7/2017,1,1.437684,19.909203,3.514411,9.512956,1.002982075
17/7/2017,1,1.469431,20.230013,3.486069,9.512956,1
18/7/2017,1,1.45129,20.569695,3.523859,9.522384,1.000991069
19/7/2017,1,1.45129,20.62631,3.552201,9.701516,1.018811676
20/7/2017,1,1.45129,20.23945,3.523859,9.588381,0.988338421
21/7/2017,1,1.46036,20.267756,3.561648,9.673234,1.008849565
24/7/2017,1,1.469431,20.248884,3.552201,9.654377,0.9980506
25/7/2017,1,1.469431,20.380983,3.561648,9.588381,0.993164137
26/7/2017,1,1.469431,20.654615,3.580543,9.550668,0.996066802
27/7/2017,1,1.478501,20.994299,3.561648,9.569524,1.001974312
28/7/2017,1,1.455825,20.456469,3.552201,9.692089,1.012807847
31/7/2017,1,1.455825,20.399855,3.561648,9.7958,1.010700583
1/8/2017,1,1.437684,20.711231,3.58999,9.995908,1.020427939
2/8/2017,1,1.4306,20.937685,3.608885,10.053082,1.005719741
3/8/2017,1,1.4306,20.833895,3.627779,10.072139,1.001895638
4/8/2017,1,1.4214,20.277191,3.599437,10.034022,0.9962156
7/8/2017,1,1.4306,19.956379,3.580543,10.148371,1.011396128
8/8/2017,1,1.4352,19.833715,3.561648,10.138843,0.99906113
10/8/2017,1,1.4352,20.060171,3.608885,10.234132,1.00939841
11/8/2017,1,1.4352,19.935574,3.495517,10.091197,0.9860335
14/8/2017,1,1.426,20.175184,3.476622,10.043551,0.995278459
15/8/2017,1,1.4352,19.916407,3.476622,10.100726,1.005692708
16/8/2017,1,1.426,19.542614,3.457727,10.091197,0.999056602
17/8/2017,1,1.426,19.676796,3.457727,10.053082,0.996222946
18/8/2017,1,1.4352,19.648043,3.409836,9.833915,0.978199024
21/8/2017,1,1.4214,19.638458,3.409836,10.072139,1.024224737
22/8/2017,1,1.4214,19.68638,3.438571,10.043551,0.997161675
23/8/2017,1,1.4122,19.715134,3.448149,9.938734,0.989563751
24/8/2017,1,1.4122,19.628874,3.409836,10.005437,1.006711418
25/8/2017,1,1.4076,19.580952,3.400258,9.929204,0.992380843
28/8/2017,1,1.4168,19.791809,3.438571,9.910147,0.998080712
29/8/2017,1,1.4076,19.638458,3.39068,9.805326,0.989422861
30/8/2017,1,1.4168,19.801394,3.39068,9.824387,1.001943944
31/8/2017,1,1.4122,19.763056,3.49604,9.824387,1
4/9/2017,1,1.426,19.504276,3.457727,9.767212,0.994180298
5/9/2017,1,1.426,19.830147,3.438571,9.795798,1.002926731
6/9/2017,1,1.4214,19.600121,3.438571,9.748154,0.995136282
7/9/2017,1,1.4122,19.600121,3.419414,9.767212,1.001955037
8/9/2017,1,1.4122,19.619289,3.438571,9.700509,0.993170723
11/9/2017,1,1.4122,19.580952,3.448149,9.729095,1.002946856
12/9/2017,1,1.426,19.638458,3.438571,9.938734,1.021547636
13/9/2017,1,1.4214,19.53303,3.419414,9.814856,0.987535837
14/9/2017,1,1.3984,19.504276,3.419414,9.700509,0.9883496
15/9/2017,1,1.3984,19.226328,3.381102,9.652864,0.995088402
18/9/2017,1,1.4122,19.638458,3.400258,9.719566,1.006910074
19/9/2017,1,1.4076,19.523445,3.39068,9.662393,0.994117741
20/9/2017,1,1.3938,19.628874,3.371523,9.652864,0.999013805
21/9/2017,1,1.3938,19.667212,3.352367,9.652864,1
22/9/2017,1,1.403,19.753471,3.361945,9.643335,0.999012832
25/9/2017,1,1.3892,19.763056,3.342789,9.59569,0.995059282
26/9/2017,1,1.3892,19.667212,3.333211,9.652864,1.0059583
27/9/2017,1,1.3892,20.021833,3.342789,9.662393,1.000987168
28/9/2017,1,1.3892,20.041004,3.333211,9.624277,0.996055222
29/9/2017,1,1.3984,19.954744,3.294898,9.567102,0.994059294
2/10/2017,1,1.4122,20.35729,3.333211,9.700509,1.013944348
3/10/2017,1,1.4122,20.261444,3.28532,9.624277,0.992141443
4/10/2017,1,1.4076,20.203939,3.237429,9.643335,1.001980201
5/10/2017,1,1.4168,20.44355,3.256585,9.710037,1.006916902
6/10/2017,1,1.4168,20.606483,3.247007,9.795798,1.008832201
9/10/2017,1,1.4214,20.57773,3.237429,9.738625,0.994163518
10/10/2017,1,1.4306,20.606483,3.22785,9.710037,0.997064473
11/10/2017,1,1.4306,20.462717,3.208694,9.700509,0.999018747
12/10/2017,1,1.4214,20.625652,3.237429,9.729095,1.002946856
13/10/2017,1,1.426,20.529808,3.22785,9.719566,0.999020567
16/10/2017,1,1.426,20.462717,3.256585,9.776741,1.005882464
17/10/2017,1,1.426,20.616068,3.247007,9.719566,0.994151937
19/10/2017,1,1.426,20.798172,3.218272,9.719566,1
20/10/2017,1,1.426,20.932352,3.237429,9.757683,1.003921677
23/10/2017,1,1.4398,21.037783,3.237429,9.776741,1.001953128
24/10/2017,1,1.4582,20.989861,3.237429,9.700509,0.992202719
25/10/2017,1,1.4628,21.277393,3.28532,9.729095,1.002946856
26/10/2017,1,1.4536,21.421158,3.314054,9.738625,1.000979536
27/10/2017,1,1.4398,21.737444,3.361945,9.805326,1.006849119
30/10/2017,1,1.4398,21.603264,3.361945,9.767212,0.996112929
31/10/2017,1,1.451373,21.833288,3.333211,9.78627,1.001951222
1/11/2017,1,1.45604,22.034561,3.342789,9.776741,0.999026289
2/11/2017,1,1.45604,22.034561,3.333211,9.738625,0.996101359
3/11/2017,1,1.465374,22.015392,3.323632,9.795798,1.005870747
6/11/2017,1,1.460707,21.842873,3.361945,9.900619,1.010700609
7/11/2017,1,1.460707,22.513783,3.323632,9.833915,0.993262643
8/11/2017,1,1.470041,22.77256,3.266163,10.243661,1.04166662
9/11/2017,1,1.460707,23.290117,3.22785,10.319893,1.007441871
10/11/2017,1,1.460707,23.012171,3.22785,10.319893,1
13/11/2017,1,1.446707,22.762976,3.247007,10.319893,1
14/11/2017,1,1.437373,22.77256,3.22785,10.281776,0.996306454
15/11/2017,1,1.45604,22.628794,3.160803,10.186486,0.990732146
16/11/2017,1,1.45604,22.370014,3.132069,10.062612,0.987839379
17/11/2017,1,1.446707,23.127184,3.160803,10.043551,0.99810576
20/11/2017,1,1.446707,22.868404,3.151225,10.176958,1.013282852
21/11/2017,1,1.45604,23.376379,3.141647,10.244291,1.006616221
22/11/2017,1,1.45604,23.807676,3.132069,10.244291,1
23/11/2017,1,1.45604,23.596821,3.132069,10.225053,0.998122076
24/11/2017,1,1.45604,23.961027,3.12249,10.176958,0.995296357
27/11/2017,1,1.465374,23.750172,3.160803,10.215434,1.003780698
28/11/2017,1,1.465374,23.625574,3.141647,10.109625,0.989642241
29/11/2017,1,1.45604,23.635157,3.112912,10.148102,1.003805977
30/11/2017,1,1.493375,23.414715,3.12249,10.330863,1.018009378
1/12/2017,1,1.484041,23.558481,3.112912,10.196197,0.98696469
4/12/2017,1,1.474708,23.57765,3.112912,10.080768,0.98867921
5/12/2017,1,1.465374,23.769339,3.103334,10.042291,0.996183128
6/12/2017,1,1.474708,23.232613,3.093756,10.013433,0.997126353
7/12/2017,1,1.484041,23.232613,3.084178,10.013433,1
8/12/2017,1,1.474708,23.807676,3.0746,10.157721,1.014409444
11/12/2017,1,1.484041,24.037703,3.132069,10.157721,1
12/12/2017,1,1.502708,24.152716,3.103334,10.186577,1.002840795
13/12/2017,1,1.493375,24.24856,3.084178,10.148102,0.996222971
14/12/2017,1,1.512042,23.941858,3.0746,10.119245,0.997156414
15/12/2017,1,1.521375,23.558481,3.055443,10.109625,0.999049336
18/12/2017,1,1.521375,23.702248,3.065022,10.090386,0.998096962
19/12/2017,1,1.530709,23.683079,3.036287,10.244291,1.015252638
20/12/2017,1,1.512042,23.558481,3.0746,10.263529,1.001877924
21/12/2017,1,1.502708,23.529728,3.0746,10.205815,0.994376788
22/12/2017,1,1.512042,23.692663,3.0746,10.244291,1.003770008
26/12/2017,1,1.521375,23.625574,3.084178,10.196197,0.995305288
27/12/2017,1,1.521375,23.846014,3.065022,10.244291,1.004716857
28/12/2017,1,1.521375,23.865183,3.093756,10.25391,1.000938962
29/12/2017,1,1.512042,23.817261,3.12249,10.263529,1.000938081
